date;state;confirmed;tmax;tmin;prec
22/01/2020;California;0;13,882143;4,673214;49,67301
23/01/2020;California;0;16,006;3,822;1,386694
24/01/2020;California;0;16,807843;4,57451;18,96275
25/01/2020;California;0;17,18;5,312245;15,28543
26/01/2020;California;2;16,672727;6,281481;103,44634
27/01/2020;California;2;17,025926;4,612963;14,30469
28/01/2020;California;2;17,275472;4,388462;21,75828
29/01/2020;California;2;16,9653846;2,9576923;6,181287
30/01/2020;California;2;17,035417;4,093617;7,48847
31/01/2020;California;3;19,302;3,846;0,4514039
01/02/2020;California;3;21,50222222;3,86136364;0,6581197
02/02/2020;California;3;19,6116279;3,6904762;3,383795
03/02/2020;California;6;14,4122449;0,5;6,054656
04/02/2020;California;6;10,60487805;-1,756097561;0,06971678
05/02/2020;California;6;12,0375;-1,515;0,1866953
06/02/2020;California;6;15,1575;0,5425;0,1070664
07/02/2020;California;6;18,11777778;0,68444444;0,1209503
08/02/2020;California;6;19,0108696;1,9222222;1,060215
09/02/2020;California;6;16,2477273;3,0295455;1,027368
10/02/2020;California;6;16,53125;3,293878;19,65868
11/02/2020;California;7;18,3978723;2,7191489;4,230769
12/02/2020;California;7;18,49069767;1,295348837;0,05010893
13/02/2020;California;8;17,39302326;0,953488372;0,09170306
14/02/2020;California;8;17,96590909;1,562790698;0,02614379
15/02/2020;California;8;18,71136364;2,079545455;0,04585153
16/02/2020;California;8;19,0638298;3,5652174;5,358974
17/02/2020;California;8;20,0125;3,96875;4,488121
18/02/2020;California;8;18,76818182;3,059090909;0,05446623
19/02/2020;California;8;18,08139535;2,323255814;0,05482456
20/02/2020;California;8;19,56046512;2,84883721;0,0371179
21/02/2020;California;10;20,40227273;4,427906977;0,01969365
22/02/2020;California;10;19,6294118;6,396;4,672032
23/02/2020;California;10;17,653061;5,327083;21,47379
24/02/2020;California;10;19,05652174;3,01304348;0,9725159
25/02/2020;California;10;21,48636364;4,095348837;0,04130435
26/02/2020;California;10;22,01904762;4,069047619;0,02173913
27/02/2020;California;11;22,52727273;4,529545455;0,01758242
28/02/2020;California;11;23,68444444;5,8;0,09190372
29/02/2020;California;12;21,69782609;5,7;0,5327511
01/03/2020;California;12;18,9114754;6,16;3,310417
02/03/2020;California;21;16,9810345;3,062069;9,268714
03/03/2020;California;25;20,46666667;3,62727273;0,6940928
04/03/2020;California;35;22,70363636;5,062962963;0,03205128
05/03/2020;California;51;23,11785714;5,855357143;0,05639913
06/03/2020;California;59;21,97758621;6,4877193;0,7854077
07/03/2020;California;81;19,862121;6,812308;16,82018
08/03/2020;California;95;15,927778;4,577465;28,91141
09/03/2020;California;101;18,2184615;5,4569231;4,641548
10/03/2020;California;144;18,876667;6,866667;46,74618
11/03/2020;California;178;19,393846;6,941538;39,74047
12/03/2020;California;221;20,558462;7,187302;17,50696
13/03/2020;California;281;18,883582;6,395455;120,73462
14/03/2020;California;372;17,042254;7,373239;37,08919
15/03/2020;California;373;15,65385;6,41875;124,5371
16/03/2020;California;557;13,958333;4,99661;99,17065
17/03/2020;California;700;12,338235;2,028986;98,94702
18/03/2020;California;828;12,456944;2,184286;33,9471
19/03/2020;California;1005;12,725;2,571053;31,53054
20/03/2020;California;1243;14,692647;2,622388;18,42214
21/03/2020;California;1405;16,5982456;4,8910714;5,106212
22/03/2020;California;1646;18,2661017;5,025;4,154158
23/03/2020;California;2108;17,545161;6,080645;78,65398
24/03/2020;California;2538;16,306061;5,804545;25,14991
25/03/2020;California;2998;14,551471;4,207463;45,10943
26/03/2020;California;3899;13,573611;1,327778;21,39405
27/03/2020;California;4657;13,859677;1,922581;12,72505
28/03/2020;California;5095;14,2014925;2,8818182;6,493433
29/03/2020;California;5852;15,230882;5,054545;27,28055
30/03/2020;California;7138;17,224615;4,901538;12,93911
31/03/2020;California;8210;19,724194;6,455738;22,03175
01/04/2020;California;9399;19,7109091;5,6127273;5,302469
02/04/2020;California;10773;18,74615385;3,34705882;0,1361702
03/04/2020;California;12004;18,09464286;3,039285714;0,09565217
04/04/2020;California;12837;18,005357;4,725;10,62702
05/04/2020;California;15034;16,098413;6,693548;162,6661
06/04/2020;California;16019;14,58806;5,314925;159,09764
07/04/2020;California;17351;15,757692;4,582278;105,19773
08/04/2020;California;18897;16,54;5,215942;67,67647
09/04/2020;California;19710;15,480597;5,927273;39,28497
10/04/2020;California;21081;16,037838;6,356757;96,96903
11/04/2020;California;21706;18,197297;6,928378;60,58268
12/04/2020;California;22795;19,5310811;8,7630137;1,093418
13/04/2020;California;23931;19,0716216;7,032;9,524096
14/04/2020;California;25356;20,39852941;5,46029412;0,7115385
15/04/2020;California;26686;22,71538;5,512698;0,006681514
16/04/2020;California;27677;23,44857143;7,11449275;0,2942478
17/04/2020;California;29157;22,33243243;8,24324324;0,7236842
18/04/2020;California;30491;19,75679;8,706173;11,0387
19/04/2020;California;31431;19,51375;8,2615385;2,923404
20/04/2020;California;33686;19,8285714;7,52;1,475446
21/04/2020;California;35465;19,8767442;7,0916667;2,894737
22/04/2020;California;37344;23,05595238;7,55833333;0,2240185
23/04/2020;California;39561;25,7685393;10,225;8,675115
24/04/2020;California;41355;26,80898876;10,34090909;0,3309353
25/04/2020;California;42368;28,59292929;11,91530612;0,1034483
26/04/2020;California;43558;27,71792453;10,95384615;0,2111959
27/04/2020;California;44966;26,4272;9,78387097;0,1267606
28/04/2020;California;46164;26,60325581;11,41488372;0,4974619
22/01/2020;Illinois;0;-0,72222222;-9,94615385;0,5506173
23/01/2020;Illinois;0;2,0625;-3,778261;22,09091
24/01/2020;Illinois;1;2,4571429;-0,5571429;70,932817
25/01/2020;Illinois;1;2,8241379;-0,3178571;50,380054
26/01/2020;Illinois;1;2,3382353;-3,2676471;7,346939
27/01/2020;Illinois;1;2,22307692;-3,224;0,2315522
28/01/2020;Illinois;1;0,1;-2,87878788;0,3415842
29/01/2020;Illinois;1;-0,2933333;-2,9233333;1,823232
30/01/2020;Illinois;1;0,6028571;-3,0470588;2,399491
31/01/2020;Illinois;2;2,2666667;-1,65;5,431169
01/02/2020;Illinois;2;3,8736842;-0,7236842;10,324873
02/02/2020;Illinois;2;7,805882353;0,191428571;0,08060453
03/02/2020;Illinois;2;14,475;0,811111111;0,01522843
04/02/2020;Illinois;2;11,0485714;0,2628571;10,682266
05/02/2020;Illinois;2;3,035294;-2,897059;17,21159
06/02/2020;Illinois;2;-0,2117647;-3,7058824;46,909091
07/02/2020;Illinois;2;0,85;-5,432143;5,15427
08/02/2020;Illinois;2;2,4032258;-4,9266667;5,305405
09/02/2020;Illinois;2;3,1725;-4,675;4,883905
10/02/2020;Illinois;2;4,907317;-3,255;84,96883
11/02/2020;Illinois;2;2,8;-3,4724138;1,897436
12/02/2020;Illinois;2;2,4352941;-4,1030303;3,612821
13/02/2020;Illinois;2;1,835294;-8,71875;89,63277
14/02/2020;Illinois;2;-6,3925926;-19,4185185;1,945504
15/02/2020;Illinois;2;-2,66875;-18,20645161;0,05526316
16/02/2020;Illinois;2;4,63333333;-6,72;0,1832461
17/02/2020;Illinois;2;6,1194444;-4,6685714;3,349869
18/02/2020;Illinois;2;6,7653061;-0,2510204;61,031553
19/02/2020;Illinois;2;2,779411765;-7,551428571;0,05555556
20/02/2020;Illinois;2;-0,5333333;-10,70303;0,007575758
21/02/2020;Illinois;2;-2,24285714;-12,35151515;0,1662469
22/02/2020;Illinois;2;4,79393939;-8,84242424;0,1873418
23/02/2020;Illinois;2;10,836111;-2,708824;0
24/02/2020;Illinois;2;11,623077;1,1;13,92346
25/02/2020;Illinois;2;5,769048;1,160465;46,1198
26/02/2020;Illinois;2;2,857895;-2,411765;45,64888
27/02/2020;Illinois;2;1,53125;-6,134375;4,024
28/02/2020;Illinois;2;2,70625;-5,99666667;0,2428941
29/02/2020;Illinois;2;2,01428571;-8,41388889;0,5113924
01/03/2020;Illinois;3;7,59677419;-6,93333333;0,1411192
02/03/2020;Illinois;4;15,5358974;0,6972222;38,007009
03/03/2020;Illinois;4;9,1189189;-0,2388889;13,259861
04/03/2020;Illinois;4;10,91052632;0,07837838;3,0185615
05/03/2020;Illinois;5;11,18064516;-0,913333333;0,03512881
06/03/2020;Illinois;5;11,46571429;-0,52941176;0,2740047
07/03/2020;Illinois;6;8,36875;-4,125806;0
08/03/2020;Illinois;7;14,13428571;-1,442857143;0,03529412
09/03/2020;Illinois;7;18,895833;4,431111;15,5573
10/03/2020;Illinois;12;13,081481;3,146296;193,12527
11/03/2020;Illinois;25;7,6577778;2,0847826;1,597315
12/03/2020;Illinois;32;10,4538462;2,6358974;2,844037
13/03/2020;Illinois;46;12,9404255;0,6553191;26,688341
14/03/2020;Illinois;64;8,4461538;0,5146341;15,52518
15/03/2020;Illinois;66;3,9411765;-0,7277778;47,509756
16/03/2020;Illinois;83;5,0114286;-0,8702703;2,187204
17/03/2020;Illinois;161;5,526;0,4755102;10,129103
18/03/2020;Illinois;272;9,5236842;1,6631579;4,574118
19/03/2020;Illinois;422;10,981481;4,916981;107,05983
20/03/2020;Illinois;585;17,569811;4,451852;164,4186
21/03/2020;Illinois;753;7,07857143;-1,5025;0,4027778
22/03/2020;Illinois;1049;3,68055556;-2,79166667;0,5261905
23/03/2020;Illinois;1285;3,54375;-1,275;46,88861
24/03/2020;Illinois;1537;5,60666667;-0,55357143;0,4225352
25/03/2020;Illinois;1865;9,1666667;0,3414634;14,904977
26/03/2020;Illinois;2538;13,67142857;2,37058824;0,6055046
27/03/2020;Illinois;3024;13,5;4,592;27,97904
28/03/2020;Illinois;3491;15,915094;6,984615;134,6
29/03/2020;Illinois;4596;19,527273;6,935849;69,63395
30/03/2020;Illinois;5056;14,0604651;3,2452381;1,436242
31/03/2020;Illinois;5994;13,50303;2,7625;1
01/04/2020;Illinois;6980;10,34864865;1,05526316;0,2604857
02/04/2020;Illinois;7695;14,12162162;0,922222222;0,01128668
03/04/2020;Illinois;8904;17,8830189;4,7823529;2,389583
04/04/2020;Illinois;10357;19,170968;1,896774;11,95455
05/04/2020;Illinois;11259;10,5586957;0,7276596;3,568035
06/04/2020;Illinois;12262;15,35151515;2,70909091;0,2516704
07/04/2020;Illinois;13553;20,306667;6,177778;16,8195
08/04/2020;Illinois;15078;26,0634146;10,095;8,796137
09/04/2020;Illinois;16422;23,77069;3,810345;38,76413
10/04/2020;Illinois;17887;11,93;-0,80487805;0,9544469
11/04/2020;Illinois;19180;13,66486486;0,875;0,5303371
12/04/2020;Illinois;20852;17,818033;6,156667;52,26834
13/04/2020;Illinois;22025;16,6403509;0,9857143;49,406977
14/04/2020;Illinois;23248;6,49722222;-1,66944444;0,3438202
15/04/2020;Illinois;24593;6,8833333;-2,3583333;9,484262
16/04/2020;Illinois;25734;6,7875;-3,521875;2,065909
17/04/2020;Illinois;27578;8,015789;-1,505556;66,79167
18/04/2020;Illinois;29160;8,4275;-0,55;14,91403
19/04/2020;Illinois;30357;15,206061;1,106061;0,325
20/04/2020;Illinois;31513;17,00909091;1,4030303;0,5213483
21/04/2020;Illinois;33059;17,5511111;2,3844444;4,546584
22/04/2020;Illinois;35107;15,8;2,74615385;0,1941964
23/04/2020;Illinois;36937;20,271186;5,815254;43,99602
24/04/2020;Illinois;39658;16,776923;6,573077;37,23265
25/04/2020;Illinois;41777;15,614286;6,228571;114,70648
26/04/2020;Illinois;43903;12,118644;5,198305;196,4739
27/04/2020;Illinois;45883;18,0046512;4,3697674;2,087156
28/04/2020;Illinois;48102;24,266667;14,633333;39,52744
22/01/2020;Massachusetts;0;-1,098276;-13,963793;0
23/01/2020;Massachusetts;0;3,863333;-12,198333;0
24/01/2020;Massachusetts;0;7,043333333;-7,765;0,01357466
25/01/2020;Massachusetts;0;8,064407;-2,732203;17,24201
26/01/2020;Massachusetts;0;7,598276;1,410345;180,69643
27/01/2020;Massachusetts;0;7,235;-0,035;0,45
28/01/2020;Massachusetts;0;5,116666667;0,355;0,09649123
29/01/2020;Massachusetts;0;3,446666667;-3,09;0,04803493
30/01/2020;Massachusetts;0;2,461017;-8,489831;0
31/01/2020;Massachusetts;0;3,098305085;-8,472881356;0,01369863
01/02/2020;Massachusetts;1;4,2716667;-4,4666667;7,855204
02/02/2020;Massachusetts;1;3,82542373;-1,53220339;0,4885845
03/02/2020;Massachusetts;1;5,501666667;-3,931666667;0,05529954
04/02/2020;Massachusetts;1;7,32666667;-2,695;0,1441441
05/02/2020;Massachusetts;1;6,5616667;-0,8566667;13,286996
06/02/2020;Massachusetts;1;3,939655;-2,068966;78,46948
07/02/2020;Massachusetts;1;5,078333;-1,627119;90,31925
08/02/2020;Massachusetts;1;4,362712;-6,388136;50,07177
09/02/2020;Massachusetts;1;0,71355932;-9,53220339;0,0531401
10/02/2020;Massachusetts;1;4,620339;-4,837288;24,62802
11/02/2020;Massachusetts;1;5,381034;1,015517;48,75
12/02/2020;Massachusetts;1;4,91525424;-0,03898305;44,0280374
13/02/2020;Massachusetts;1;4,99491525;-0,04237288;128,4951923
14/02/2020;Massachusetts;1;2,742373;-7,054237;36,50711
15/02/2020;Massachusetts;1;-2,773684211;-14,75263158;0,04040404
16/02/2020;Massachusetts;1;1,41785714;-9,88928571;0,2864322
17/02/2020;Massachusetts;1;5,386207;-5,232759;0
18/02/2020;Massachusetts;1;5,4344828;-4,6086207;7,916256
19/02/2020;Massachusetts;1;4,965517;-2,062069;71,44076
20/02/2020;Massachusetts;1;3,1;-7,722413793;0,05263158
21/02/2020;Massachusetts;1;-0,55636364;-11,38181818;0,1813725
22/02/2020;Massachusetts;1;2,508928571;-9,017857143;0,06372549
23/02/2020;Massachusetts;1;8,522807018;-5,670175439;0,02392344
24/02/2020;Massachusetts;1;12,55344828;-3,610344828;0,01442308
25/02/2020;Massachusetts;1;13,3210526;0,6298246;5,972093
26/02/2020;Massachusetts;1;10,149153;3,483051;28,24651
27/02/2020;Massachusetts;1;9,091525;1,930508;190,83178
28/02/2020;Massachusetts;1;6,133898;-3,847458;36,99533
29/02/2020;Massachusetts;1;1,954385965;-6,829824561;0,03921569
01/03/2020;Massachusetts;1;0,978;-8,69;0,01522843
02/03/2020;Massachusetts;1;5,45769231;-7,90961538;0,4951456
03/03/2020;Massachusetts;2;13,8607843;0,745098;2,637681
04/03/2020;Massachusetts;2;13,759184;3,432653;32,13615
05/03/2020;Massachusetts;2;10,11836735;-0,057142857;0,05418719
06/03/2020;Massachusetts;6;9,64166667;-3,24166667;0,4393939
07/03/2020;Massachusetts;6;7,634091;-3,286364;16,00529
08/03/2020;Massachusetts;22;8,369565;-3,943478;0
09/03/2020;Massachusetts;22;15,4319149;-0,2255319;0
10/03/2020;Massachusetts;41;18,702;3,858;0,6231884
11/03/2020;Massachusetts;92;15,842;2,512;1,521531
12/03/2020;Massachusetts;107;10,16956522;-1,51956522;0,1642512
13/03/2020;Massachusetts;123;11,014583;1,866667;45,48113
14/03/2020;Massachusetts;138;12,571739;2,486957;45,12871
15/03/2020;Massachusetts;138;9,3125;-0,435416667;0,03960396
16/03/2020;Massachusetts;187;6,228;-5,516;0,4472362
17/03/2020;Massachusetts;217;5,939583;-2,933333;12,14925
18/03/2020;Massachusetts;252;9,2625;-1,38125;25,21569
19/03/2020;Massachusetts;328;9,80625;1,122917;71,29
20/03/2020;Massachusetts;413;12,114894;2,859574;126,71845
21/03/2020;Massachusetts;523;14,8770833;0,7895833;3,183168
22/03/2020;Massachusetts;640;6,43125;-5,106382979;0,01470588
23/03/2020;Massachusetts;777;4,583333;-4,058333;26,62069
24/03/2020;Massachusetts;1159;6,086275;-0,672549;320,85981
25/03/2020;Massachusetts;1838;7,16078431;0,08235294;1,0511628
26/03/2020;Massachusetts;2417;8,2229167;-0,2895833;2,070423
27/03/2020;Massachusetts;3240;13,877551;0,7244898;1,119048
28/03/2020;Massachusetts;4257;14,0981132;-1,8584906;5,084906
29/03/2020;Massachusetts;4955;9,716981;1,979245;96,54884
30/03/2020;Massachusetts;5752;6,787037;2,907407;122,54419
31/03/2020;Massachusetts;6620;5,7980392;-0,1098039;26,036036
01/04/2020;Massachusetts;7738;7,1803922;-2,0711538;1,013761
02/04/2020;Massachusetts;8966;8,348077;1,252;21,93213
03/04/2020;Massachusetts;10402;8,318367;3,597959;162,27397
04/04/2020;Massachusetts;11736;8,842553;3,444681;134,15741
05/04/2020;Massachusetts;12500;11,55;3,0446809;1,255924
06/04/2020;Massachusetts;13837;13,9877551;2,310204082;0,09345794
07/04/2020;Massachusetts;15202;15,89791667;2,43333333;0,1674641
08/04/2020;Massachusetts;16790;14,320408;3,208163;13,74429
09/04/2020;Massachusetts;18941;11,002;1,988;21,33645
10/04/2020;Massachusetts;20974;8,492;2,17;136,1045
11/04/2020;Massachusetts;22860;9,1612245;0,8816327;9,285714
12/04/2020;Massachusetts;25475;12,2787234;-2,189361702;0,02926829
13/04/2020;Massachusetts;26867;15,312245;3,9875;56,87963
14/04/2020;Massachusetts;28164;14,489796;5,385714;210,69545
15/04/2020;Massachusetts;29918;12,128261;2,117391;16,26852
16/04/2020;Massachusetts;32181;9,6085106;-1,2617021;6,843602
17/04/2020;Massachusetts;34402;8,4130435;-0,9173913;1,42654
18/04/2020;Massachusetts;36372;7,6173913;-0,1826087;136,039409
19/04/2020;Massachusetts;38077;9,285106;-1,26383;25,9378
20/04/2020;Massachusetts;38077;13,80816327;0,25714286;0,9389671
21/04/2020;Massachusetts;41199;11,3307692;-1,9423077;9,018519
22/04/2020;Massachusetts;42944;8,964;-0,564;76,8287
23/04/2020;Massachusetts;46023;8,95490196;-1,66862745;0,1643192
24/04/2020;Massachusetts;50969;10,366;1,526;51,40092
25/04/2020;Massachusetts;53348;11,8470588;0,7901961;45,84466
26/04/2020;Massachusetts;54938;14,616327;3,404167;11,34
27/04/2020;Massachusetts;56462;8,873469;3,136735;161,09767
22/01/2020;New Jersey;0;2,141176;-9,070588;0
23/01/2020;New Jersey;0;5,193939;-7,830303;0
24/01/2020;New Jersey;0;8,494118;-5,202941;1,28125
25/01/2020;New Jersey;0;10,9441176;-0,7264706;37
26/01/2020;New Jersey;0;9,09705882;-0,02941176;274,04329
27/01/2020;New Jersey;0;7,66470588;0,21176471;0,0875576
28/01/2020;New Jersey;0;6,37941176;1,26;0,1551724
29/01/2020;New Jersey;0;5,479411765;-0,991176471;0,02183406
30/01/2020;New Jersey;0;4,335294;-6,064706;0
31/01/2020;New Jersey;0;4,67352941;-4,80588235;0,6036036
01/02/2020;New Jersey;0;6,2294118;-0,65;9,442982
02/02/2020;New Jersey;0;6,11875;0,371875;16,58559
03/02/2020;New Jersey;0;9,98181818;-0,01818182;24,3165138
04/02/2020;New Jersey;0;15,1676471;2,3264706;3,442982
05/02/2020;New Jersey;0;13,505882;3,232353;11,88333
06/02/2020;New Jersey;0;6,208824;1,852941;93,44715
07/02/2020;New Jersey;0;9,558824;1,955882;106,45749
08/02/2020;New Jersey;0;9,666667;-2,581818;32,48636
09/02/2020;New Jersey;0;5,90882353;-3,67058824;0,5821596
10/02/2020;New Jersey;0;7,8606061;-0,1787879;13,764444
11/02/2020;New Jersey;0;8,882353;5,094286;129,79668
12/02/2020;New Jersey;0;8,621212;1,554545;36,95175
13/02/2020;New Jersey;0;8,357576;1,830303;82,22511
14/02/2020;New Jersey;0;5,8125;-4,11875;38,34361
15/02/2020;New Jersey;0;0,539393939;-11,8030303;0,05116279
16/02/2020;New Jersey;0;3,415152;-7,684848;0
17/02/2020;New Jersey;0;8,978788;-2,175758;0
18/02/2020;New Jersey;0;11,44848485;-0,1;0,1101322
19/02/2020;New Jersey;0;10,7382353;0,8205882;3,128755
20/02/2020;New Jersey;0;6,638235;-3,988235;0
21/02/2020;New Jersey;0;2,244118;-7,517647;0
22/02/2020;New Jersey;0;5,347059;-6,6;0
23/02/2020;New Jersey;0;10,832353;-5,294118;0
24/02/2020;New Jersey;0;14,167647;-2,508824;0
25/02/2020;New Jersey;0;13,6909091;1,8;3,521186
26/02/2020;New Jersey;0;10,129412;6,008824;53,31325
27/02/2020;New Jersey;0;9,321212;1,751515;104,8374
28/02/2020;New Jersey;0;5,5875;-2,8727273;0,699115
29/02/2020;New Jersey;0;4,25;-3,891176471;0,06542056
01/03/2020;New Jersey;0;4,16;-4,896666667;0,01369863
02/03/2020;New Jersey;0;10,084375;-2,884375;0,1756757
03/03/2020;New Jersey;0;15,881818;2,721212;10,95885
04/03/2020;New Jersey;0;14,460606;5,672727;62,68313
05/03/2020;New Jersey;2;12,565625;1,815625;1,611607
06/03/2020;New Jersey;2;9,5090909;-0,8212121;5,627803
07/03/2020;New Jersey;4;7,403125;-0,2375;75,50633
08/03/2020;New Jersey;5;10,934375;-2,86875;0,1336406
09/03/2020;New Jersey;5;17,46363636;-0,53030303;0,8165138
10/03/2020;New Jersey;15;20,709375;4,653125;0,1403509
11/03/2020;New Jersey;23;16,803125;4,09375;5,112971
12/03/2020;New Jersey;29;12,72424242;1,37575758;0,7610619
13/03/2020;New Jersey;49;15,409091;5,218182;61,43673
14/03/2020;New Jersey;69;18,084375;4,43125;21,45662
15/03/2020;New Jersey;72;12,9870968;2,7741935;5,242291
16/03/2020;New Jersey;176;10,725;-1,41515152;0,2678571
17/03/2020;New Jersey;250;10,5375;1,066667;18,41736
18/03/2020;New Jersey;397;12,85;1,625;13,19643
19/03/2020;New Jersey;741;12,71875;3,463636;223,86614
20/03/2020;New Jersey;890;16,875;6,4625;11,25431
21/03/2020;New Jersey;1327;22,021875;4,246875;4,669643
22/03/2020;New Jersey;1914;9,99677419;-0,36774194;0,9775785
23/03/2020;New Jersey;2844;7,183871;0,8387097;26,65272
24/03/2020;New Jersey;3675;8,451515;1,581818;201,57377
25/03/2020;New Jersey;4402;10,65625;2,721875;2,918455
26/03/2020;New Jersey;6876;10,5424242;-0,2333333;7,913793
27/03/2020;New Jersey;8825;17,0322581;3,3290323;1,945833
28/03/2020;New Jersey;11124;15,978125;5,940625;12,48718
29/03/2020;New Jersey;13386;10,572727;6,778788;129,65844
30/03/2020;New Jersey;16636;10,739394;6,842424;16,75203
31/03/2020;New Jersey;18696;10,8875;4,903125;38,61044
01/04/2020;New Jersey;22255;9,571875;3,175;3,665217
02/04/2020;New Jersey;25590;12,93125;2,778125;0,1205357
03/04/2020;New Jersey;29895;13,575;5,06875;1,106383
04/04/2020;New Jersey;34124;13,2709677;6,583871;8,600823
05/04/2020;New Jersey;37505;16,6096774;5,7419355;1,017316
06/04/2020;New Jersey;41090;18,584375;6,0375;9,650407
07/04/2020;New Jersey;44416;18,22903226;4,97419355;0,2118644
08/04/2020;New Jersey;47437;20,2125;7,26875;79,7093
09/04/2020;New Jersey;51027;19,6125;6,2774194;5,665272
10/04/2020;New Jersey;54588;14,348387;3,251613;34,45902
11/04/2020;New Jersey;58151;10,816129;1,62;1,595833
12/04/2020;New Jersey;61850;14,92;0,27;0,5605381
13/04/2020;New Jersey;64584;19,34;5,733333;193,50996
14/04/2020;New Jersey;68824;17,53125;6,1125;232,6559
15/04/2020;New Jersey;71030;13,003226;3,103226;20,10359
16/04/2020;New Jersey;75317;10,8516129;1,87741935;0,9156118
17/04/2020;New Jersey;78467;10,3;-1,896875;1,130802
18/04/2020;New Jersey;81420;9,990625;0,271875;45,30165
19/04/2020;New Jersey;85301;11,422581;-1,041935;11,11983
20/04/2020;New Jersey;88722;15,334375;2,953125;0,2564103
21/04/2020;New Jersey;92387;14,878125;2,9375;3,779221
22/04/2020;New Jersey;95914;13,835484;1,13871;51,39526
23/04/2020;New Jersey;100025;11,2677419;0,8774194;3,847826
24/04/2020;New Jersey;102196;11,774194;4,222581;175,44488
25/04/2020;New Jersey;105498;12,721875;3,81875;82,36626
26/04/2020;New Jersey;109038;15,012903;6,116129;14,69787
27/04/2020;New Jersey;111188;10,206897;4,013793;59,9188
28/04/2020;New Jersey;113856;18,9;2,8;5,920904
22/01/2020;New York;0;-3,22777778;-15,09245283;0,1329114
23/01/2020;New York;0;1,75517241;-11,82631579;0,4840764
24/01/2020;New York;0;4,4;-9,1637931;0,2996845
25/01/2020;New York;0;7,346032;-2,766667;26,46082
26/01/2020;New York;0;3,2933333;-0,7766667;165,8
27/01/2020;New York;0;2,538462;-0,9;22,64164
28/01/2020;New York;0;1,6910714;-2,2160714;9,125402
29/01/2020;New York;0;-0,3527273;-5,9836364;4,068182
30/01/2020;New York;0;-2;-13,16333333;0,1993671
31/01/2020;New York;0;-0,20983607;-12,14918033;0,1968254
01/02/2020;New York;0;0,885;-5,4833333;3,251592
02/02/2020;New York;0;1,0517241;-4,1206897;8,746667
03/02/2020;New York;0;2,275;-2,507692;25,26174
04/02/2020;New York;0;6,48813559;-2,64576271;0,6335404
05/02/2020;New York;0;4,7368421;-3,9701754;3,210526
06/02/2020;New York;0;-0,3115385;-5,1538462;96,787375
07/02/2020;New York;0;0,2864407;-4,4949153;98,028939
08/02/2020;New York;0;-1,292857;-11,696429;130,33106
09/02/2020;New York;0;-3,822807;-14,7818182;4,891525
10/02/2020;New York;0;2,065455;-9,112963;35,6782
11/02/2020;New York;0;3,396825;-1,611475;37,78065
12/02/2020;New York;0;2,5123077;-2,825;8,974359
13/02/2020;New York;0;2,690385;-3,513462;79,22408
14/02/2020;New York;0;0,6440678;-15,1;20,796721
15/02/2020;New York;0;-7,97777778;-20,4796875;0,3741935
16/02/2020;New York;0;-0,6209677;-15,3770492;1,525084
17/02/2020;New York;0;2,72372881;-6,88275862;0,4314381
18/02/2020;New York;0;2,713333;-7,584746;13,41806
19/02/2020;New York;0;4,590323;-3,416393;32,67203
20/02/2020;New York;0;-0,4951613;-10,0629032;4,704918
21/02/2020;New York;0;-3,2936508;-14,4904762;1,130293
22/02/2020;New York;0;-0,027272727;-12,33636364;0,02597403
23/02/2020;New York;0;5,130303;-7,077273;0
24/02/2020;New York;0;9,065079365;-4,783606557;0,009933775
25/02/2020;New York;0;11,0925373;-1,5;3,822785
26/02/2020;New York;0;5,465625;0,1203125;26,9653
27/02/2020;New York;0;4,917742;-2,664516;156,09677
28/02/2020;New York;0;-1,026667;-7,432787;23,79933
29/02/2020;New York;0;-3,02381;-10,153226;16,62847
01/03/2020;New York;0;-3,7645161;-12,2290323;3,483444
02/03/2020;New York;1;4,511475;-7,996667;2,72
03/03/2020;New York;2;10,6934426;0,8721311;23,878125
04/03/2020;New York;11;10,21746;1,287302;69,33435
05/03/2020;New York;23;6,1220339;-1,4017241;4,898734
06/03/2020;New York;31;6,44193548;-3,72419355;0,5955414
07/03/2020;New York;76;4,876271;-6,071186;16,73955
08/03/2020;New York;106;4,025;-6,003125;0,00974026
09/03/2020;New York;142;12,74761905;-1,053968254;0,009677419
10/03/2020;New York;150;17,8818182;3,7584615;3,978395
11/03/2020;New York;220;12,148485;-2,472727;34,83283
12/03/2020;New York;327;6,04067797;-2,96949153;0,5862069
13/03/2020;New York;421;10,905882;1,061765;47,43553
14/03/2020;New York;613;10,9557143;-0,5442857;26,39577
15/03/2020;New York;615;5,047692308;-2,715384615;0,03426791
16/03/2020;New York;967;4,90923077;-8,6328125;0,4100946
17/03/2020;New York;1578;7,710938;-6,975;10,29412
18/03/2020;New York;3038;6,5863636;-3,3681818;8,517134
19/03/2020;New York;5704;9,366667;-2,057353;95,71884
20/03/2020;New York;8403;12,851471;3,254412;45,21159
21/03/2020;New York;11727;17,58209;-3,763636;21,15868
22/03/2020;New York;15800;2,9153846;-8,7169231;0,184953
23/03/2020;New York;20884;4,041509;-7,116981;13,06452
24/03/2020;New York;25681;2,1;-1,37;146,5194
25/03/2020;New York;30841;4,92413793;-1,85344828;0,6068111
26/03/2020;New York;37877;8,9147541;-1,3213115;0,813253
27/03/2020;New York;44876;14,8380952;0,1396825;7,584071
28/03/2020;New York;52410;11,6969697;-0,4651515;6,502994
29/03/2020;New York;59648;10,445714;2,931429;115,98271
30/03/2020;New York;66663;12,993939;4,598485;50,75652
31/03/2020;New York;75833;8,047761;2,425373;50,37931
01/04/2020;New York;83948;7,7723077;-0,5234375;4,071023
02/04/2020;New York;92506;8,6296875;-1,915625;0,4853801
03/04/2020;New York;102987;10,5736111;0,6430556;16,357955
04/04/2020;New York;113833;8,024324;2,583562;24,65642
05/04/2020;New York;123160;12,7101449;4,1441176;1,283286
06/04/2020;New York;131815;13,2782609;-0,1382353;2,023055
07/04/2020;New York;139875;14,02941176;0,6;0,5087719
08/04/2020;New York;151061;15,733784;2,842466;53,2679
09/04/2020;New York;161779;12,505714;2,776812;13,88981
10/04/2020;New York;172348;8,3509091;-0,5777778;81,845481
11/04/2020;New York;181026;4,935484;-1,480645;11,63333
12/04/2020;New York;189033;9,27887324;-2,00285714;0,4208955
13/04/2020;New York;195749;16,028205;1,437179;70,38421
14/04/2020;New York;203020;16,166197;1,814085;135,05067
15/04/2020;New York;214454;7,805;-1,933333;6,71131
16/04/2020;New York;223691;5,774468;-4,453191;20,97792
17/04/2020;New York;230597;3,9396226;-4,375;4,021739
18/04/2020;New York;237474;5,264;-2,576;57,28834
19/04/2020;New York;243382;7,8344262;-1,3688525;5,400593
20/04/2020;New York;248416;13,28209;-1,283582;19,58261
21/04/2020;New York;253519;10,2318182;-2,0338462;9,582133
22/04/2020;New York;258222;7,364151;-3,590566;35,66061
23/04/2020;New York;263460;5,225;-3,888889;1,03003
24/04/2020;New York;271590;8,566176;-1,407576;37,13115
25/04/2020;New York;282143;11,651389;1,197183;14,17514
26/04/2020;New York;288045;15,2575;2,644872;22,88352
27/04/2020;New York;291996;8,844444;2,367143;167,9446
28/04/2020;New York;295106;17,12;0,56;14,73991
22/01/2020;Pennsylvania;0;-2,15747126;-12,08045977;0,0952381
23/01/2020;Pennsylvania;0;2,210112;-11,816854;0
24/01/2020;Pennsylvania;0;5,5955556;-7,9166667;2,335616
25/01/2020;Pennsylvania;0;7,254369;-1,17451;201,56818
26/01/2020;Pennsylvania;0;5,1031579;-0,5178947;137,081633
27/01/2020;Pennsylvania;0;3,1359551;-0,5146067;4,736462
28/01/2020;Pennsylvania;0;2,49655172;0,01954023;3,2698962
29/01/2020;Pennsylvania;0;2,1153846;-1,9736264;2,057239
30/01/2020;Pennsylvania;0;1,965555556;-8,091111111;0,04391892
31/01/2020;Pennsylvania;0;1,74347826;-7,22826087;0,2808219
01/02/2020;Pennsylvania;0;3,7755102;-2,505102;9,739865
02/02/2020;Pennsylvania;0;3,392553;-1,501064;17,57394
03/02/2020;Pennsylvania;0;8,8877778;-0,6155556;14,407143
04/02/2020;Pennsylvania;0;14,8608247;0,9319588;5,028939
05/02/2020;Pennsylvania;0;12,648485;-0,622449;27,14103
06/02/2020;Pennsylvania;0;3,524731;-1,119565;64,61765
07/02/2020;Pennsylvania;0;5,671111;-0,941573;120,8
08/02/2020;Pennsylvania;0;2,218947;-5,16;79,35739
09/02/2020;Pennsylvania;0;1,7868132;-4,7307692;5,572438
10/02/2020;Pennsylvania;0;5,134375;-2,071875;54,92414
11/02/2020;Pennsylvania;0;6,295918;2,036735;67,09508
12/02/2020;Pennsylvania;0;5,038384;-1,779798;10,21782
13/02/2020;Pennsylvania;0;4,854167;-1,632292;106,86513
14/02/2020;Pennsylvania;0;3,539362;-7,087097;16,21284
15/02/2020;Pennsylvania;0;-3,95054945;-14,24835165;0,2846975
16/02/2020;Pennsylvania;0;1,33296703;-12,65384615;0,1153846
17/02/2020;Pennsylvania;0;5,76703297;-5,70659341;0,1678571
18/02/2020;Pennsylvania;0;8,3944444;-4,1752809;7,188811
19/02/2020;Pennsylvania;0;8,087755;-1,669388;20,49359
20/02/2020;Pennsylvania;0;4,16888889;-6,46292135;0,2534247
21/02/2020;Pennsylvania;0;-0,52888889;-10,08666667;0,1587838
22/02/2020;Pennsylvania;0;2,518478;-9,532609;0
23/02/2020;Pennsylvania;0;8,71828;-6,925806;0
24/02/2020;Pennsylvania;0;11,69325843;-5,48651685;0,0106383
25/02/2020;Pennsylvania;0;12,5084211;-1,5242105;4,435065
26/02/2020;Pennsylvania;0;9,043617;3,207447;30,15584
27/02/2020;Pennsylvania;0;9,078495;-3,01828;159,10738
28/02/2020;Pennsylvania;0;-0,6325843;-6,0247191;6,271777
29/02/2020;Pennsylvania;0;0,205618;-6,8235955;2,333333
01/03/2020;Pennsylvania;0;0,3211111;-8,0666667;1,214035
02/03/2020;Pennsylvania;0;9,0868132;-6,076087;1,646853
03/03/2020;Pennsylvania;0;13,661;2,829592;27,93269
04/03/2020;Pennsylvania;0;11,790099;1,979;90,93987
05/03/2020;Pennsylvania;0;10,0229167;-2,1731959;4,254237
06/03/2020;Pennsylvania;2;9,397872;-2,903158;4,03367
07/03/2020;Pennsylvania;2;6,321;-2,195;29,45485
08/03/2020;Pennsylvania;6;8,28541667;-4,07113402;0,6631579
09/03/2020;Pennsylvania;7;16,23368421;-1,790526316;0,09722222
10/03/2020;Pennsylvania;12;19,390625;2,13125;7,345395
11/03/2020;Pennsylvania;16;12,9326923;0,4509615;20,980892
12/03/2020;Pennsylvania;22;9,8572917;0,5770833;2,160131
13/03/2020;Pennsylvania;41;16,19505;4,574257;53,11285
14/03/2020;Pennsylvania;47;13,9694737;0,4831579;3,968641
15/03/2020;Pennsylvania;47;8,8494845;-0,2443299;20,552901
16/03/2020;Pennsylvania;79;9,83870968;-3,4287234;0,5087719
17/03/2020;Pennsylvania;112;9,820388;-1,656863;14,63492
18/03/2020;Pennsylvania;155;9,532323;-1,749495;10,49338
19/03/2020;Pennsylvania;206;12,468;0,2178218;200,1125
20/03/2020;Pennsylvania;311;17,146078;6,605882;57,8949
21/03/2020;Pennsylvania;399;18,76060606;-0,04040404;39,5822368
22/03/2020;Pennsylvania;509;6,26021505;-3,97978723;0,2662116
23/03/2020;Pennsylvania;698;7,763636;-2,657143;24,40328
24/03/2020;Pennsylvania;946;6,40404;1,354545;105,37742
25/03/2020;Pennsylvania;1260;8,437755;1,944898;15,8013
26/03/2020;Pennsylvania;1795;10,7862745;0,6068627;19,04127
27/03/2020;Pennsylvania;2345;17,214141;2,79798;17,57729
28/03/2020;Pennsylvania;2845;14,578218;6,278431;77,26045
29/03/2020;Pennsylvania;3432;14,140816;7,708247;220,15047
30/03/2020;Pennsylvania;4155;17,453535;6,972727;12,65506
31/03/2020;Pennsylvania;4963;11,367;4,00495;13,97188
01/04/2020;Pennsylvania;6009;9,597115;3,120192;13,12975
02/04/2020;Pennsylvania;7268;11,5886598;-0,2309278;3,256494
03/04/2020;Pennsylvania;8570;12,894737;1,134737;0,24
04/04/2020;Pennsylvania;10444;13,1118812;3,2762376;3,711475
05/04/2020;Pennsylvania;11589;15,91530612;4,16836735;0,3914474
06/04/2020;Pennsylvania;13127;18,18;2,156;4,354633
07/04/2020;Pennsylvania;14853;17,7505263;2,6042105;2,351792
08/04/2020;Pennsylvania;16631;19,015686;6,265686;129,37719
09/04/2020;Pennsylvania;18300;18,469307;5,331683;25,33233
10/04/2020;Pennsylvania;20051;11,3073684;0,1572917;39,836478
11/04/2020;Pennsylvania;21719;7,106383;-0,7319149;3,368243
12/04/2020;Pennsylvania;22938;13,6185567;-0,4010309;2,606164
13/04/2020;Pennsylvania;24292;18,963725;3,544118;171,51385
14/04/2020;Pennsylvania;25465;15,63107;2,41068;140,1027
15/04/2020;Pennsylvania;26753;9,016495;-1,552041;11,89846
16/04/2020;Pennsylvania;28258;8,2011364;-2,0909091;9,362126
17/04/2020;Pennsylvania;29888;5,9483871;-3,5505376;7,802013
18/04/2020;Pennsylvania;31652;6,862;-1,776;108,5849
19/04/2020;Pennsylvania;32902;10,544;-1,192;2,726974
20/04/2020;Pennsylvania;33914;14,6677083;0,5927083;1,194631
21/04/2020;Pennsylvania;35249;14,0791667;0,9645833;6,495082
22/04/2020;Pennsylvania;36082;10,21068;-1,476699;24,69159
23/04/2020;Pennsylvania;38379;10,1031579;-0,6789474;9,153595
24/04/2020;Pennsylvania;40208;13,866667;3,149038;90,16717
25/04/2020;Pennsylvania;41153;15,338614;3,584314;29,22115
26/04/2020;Pennsylvania;42616;15,555;4,273;60,38387
27/04/2020;Pennsylvania;43558;9,991753;3,151546;138,73529
28/04/2020;Pennsylvania;45137;13,9;2,8;4,478261
